{
    "USDMYR": 4.71575,
    "MYRUSD": 0.21205534644542226,
    "SGDMYR": 3.4863,
    "MYRSGD": 0.28683704787310327,
    "THBMYR": 0.12843,
    "MYRTHB": 7.786342754808067,
    "IDRMYR": 0.00029,
    "MYRIDR": 3448.2758620689656
}